{"./":{"url":"./","title":"快速了解代码分析","keywords":"","body":"腾讯云代码分析 腾讯云代码分析（Code Analysis, TCA）起步于 2012 年（内部代号CodeDog），是集众多代码分析工具的云原生、分布式、高性能的代码综合分析跟踪管理平台，其主要功能是持续跟踪分析代码，观测项目代码质量，支撑团队传承代码文化。 用心关注每行代码迭代、助力传承卓越代码文化！ 精准跟踪管理代码分析发现的代码质量缺陷、代码规范、代码安全漏洞、无效代码，以及度量代码复杂度、重复代码、代码统计。 代码分析是通过词法分析、语法分析、控制流、数据流分析等技术对程序代码进行分析，验证代码是否满足规范性、安全性、可靠性、可维护性、部分性能等，对代码进行综合分析和度量等指标的一种代码分析技术。 主要功能 代码检查 通过代码检查精准跟踪管理发现的代码质量缺陷、代码规范、代码安全漏洞、无效代码等。 目前已集成众多自研、知名开源分析工具，并采用了分层分离架构，可以满足团队快速自助管理工具。 代码度量 包含代码圈复杂度、代码重复率和代码统计等度量信息。 代码圈复杂度 圈复杂度也称为条件复杂度或循环复杂度，它可以用来衡量一个模块判定结构的复杂程度。圈复杂度大说明程序代码的判断逻辑复杂，可能造成代码质量低下且难于测试和维护。 定期分析工程项目中代码的圈复杂度，可以有效地帮助开发与测试逐步优化代码质量。 代码重复率 定期分析工程项目中的重复代码，可以有效地帮助开发发现冗余代码，进行代码抽象和重构，降低代码风险，以便于更好的管理和维护代码。 代码统计 支持全量增量展示代码行数统计，包含代码行、注释行和空白行，可以有效地跟踪了解工程项目中代码量持续变化，并可以查看各个语言的占比情况。 Copyright © 1998 - 2022 Tencent. All Rights Reserved. 腾讯公司 版权所有 all right reserved，powered by Gitbook代码分析帮助文档 最新修订时间： 2021-12-03 11:34:35 "},"快速入门/快速启动一次代码分析.html":{"url":"快速入门/快速启动一次代码分析.html","title":"快速启动一次代码分析","keywords":"","body":"快速启动一次代码分析 创建项目 创建团队并进入 还没有团队？点击了解团队管理 为团队创建一个项目，或选择一个已有项目，并进入项目内 完成代码库登记 完成代码库登记，并点击进入代码分析 开启第一次代码分析 执行初始化创建 [!NOTE|style:flat] 用户可选择使用分析方案模板，或创建分析方案的方式，利用方案的分析配置进行代码分析。 点击确认时，平台会首先创建该代码库的分析方案，然后根据代码库分支、当前分析方案创建分支项目，最终下载客户端分析配置文件，客户端执行代码分析。 执行客户端分析 下载配置文件 替换客户端配置文件，并启动客户端分析。 查看分析历史 客户端分析结束后，数据会上报到服务端。可进入分析历史页面查看分析记录。 查看分析概览 客户端分析完毕后，进入分支概览可以查看该分支指定分析方案的概览数据以及 问题列表等。 Copyright © 1998 - 2022 Tencent. All Rights Reserved. 腾讯公司 版权所有 all right reserved，powered by Gitbook代码分析帮助文档 最新修订时间： 2021-11-30 16:30:04 "},"团队管理/团队管理.html":{"url":"团队管理/团队管理.html","title":"团队管理","keywords":"","body":"团队管理 层级关系 团队 > 项目 > 代码库 > 分支项目 您可以创建一个团队，并可以在团队中创建多个项目来进行项目区分和项目管理。可以在一个项目中创建多个代码库进行代码分析。 权限控制 团队成员分为管理员和普通成员两类。团队管理员具备团队全部权限。 项目成员分为管理员和普通成员两类。项目管理员具备项目全部权限。 成员权限的区分，具体点击查看成员权限 邀请团队成员 管理员可以通过成员管理为您的团队添加成员，通过分享邀请链接的方式邀请您的团队。 Copyright © 1998 - 2022 Tencent. All Rights Reserved. 腾讯公司 版权所有 all right reserved，powered by Gitbook代码分析帮助文档 最新修订时间： 2021-11-30 16:30:04 "},"团队管理/成员权限.html":{"url":"团队管理/成员权限.html","title":"成员权限","keywords":"","body":"成员权限 团队成员管理 团队成员分为团队管理员和团队普通成员两类。 团队管理员：可以邀请其他成员加入团队，具备团队内所有权限。 团队普通成员：可以创建项目，可以访问自己有权限的项目。创建项目的人会自动成为这个项目的项目管理员。 项目成员管理 项目成员分为项目管理员和项目普通成员。 项目管理员：具备项目内全部权限。 项目普通成员：可以查看项目内的配置信息和分析结果等各项信息，并且可以启动分析，但是无其他操作权限。 Copyright © 1998 - 2022 Tencent. All Rights Reserved. 腾讯公司 版权所有 all right reserved，powered by Gitbook代码分析帮助文档 最新修订时间： 2021-11-30 16:30:04 "},"代码检查/分析结果查看.html":{"url":"代码检查/分析结果查看.html","title":"分析结果查看","keywords":"","body":"代码检查结果查看 客户端分析完毕后，如果分析方案含有代码检查功能，则代码分析结束后会上报结果信息到腾讯云代码分析平台，用户可在平台上查看问题列表及详情。 问题列表 进入代码检查问题列表页面后，默认展示当前分支 + 当前分析方案（即分支项目）发现的全部未处理问题。 如果仅希望查看增量问题，可以进入分析历史页面，指定查看某一次的扫描结果即可。也可以在过滤筛选项中填入发现问题的扫描 id进行筛选查看结果（该id为扫描任务 ID，需要到扫描任务列表中查询）。 责任人说明 责任人为 git blame操作得到的代码提交人。 问题级别说明 代码检查的问题级别是根据对应分析方案中规则设置的严重级别定义的，从高到低分为 致命、错误、警告、提示 。如果调整问题级别，则需要进入分析方案中调整这个规则的严重级别，调整后需要进行全量扫描使得调整生效。 批量处理说明 问题列表支持批量修改问题状态。 问题详情 点击规则信息可以查看规则说明。 Copyright © 1998 - 2022 Tencent. All Rights Reserved. 腾讯公司 版权所有 all right reserved，powered by Gitbook代码分析帮助文档 最新修订时间： 2021-12-03 11:34:35 "},"分析方案/基础属性配置.html":{"url":"分析方案/基础属性配置.html","title":"基础属性配置","keywords":"","body":"基础属性配置 方案名称 用于标示一个方案，每个方案名称都是唯一的。 分析语言 用于指明该方案是针对代码库何种语言进行分析。初次创建分析方案时会根据语言初始化分析方案相关配置。 运行环境 根据客户端所在本地执行机器选择对应运行环境即可。 环境变量 每行 key-value 形式，非必填项。 可用于指定特殊编译环境：如机器有多个 JDK 或者 gradle 环境，项目编译需指定 JDK 或 gradle 版本的可以设定相应环境变量。 可用于工具传递参数： 如ESLINT_MAX_OLD_SPACE_SIZE=4096配置 Js 内存大小 可用于指定项目配置，如PYTHON_VERSION=2 指定为 python2 项目 [!TIP|style:flat] 对 Python 的分析默认采用 Python3，如果需要分析 Python2 请在环境变量中设置：PYTHON_VERSION=2 Copyright © 1998 - 2022 Tencent. All Rights Reserved. 腾讯公司 版权所有 all right reserved，powered by Gitbook代码分析帮助文档 最新修订时间： 2021-11-30 16:30:04 "},"分析方案/代码检查配置.html":{"url":"分析方案/代码检查配置.html","title":"代码检查配置","keywords":"","body":"代码检查配置 腾讯云代码分析采用业界/自研的 80+ 款工具，配置代码检查项能够有效地发现代码中存在的异味代码 规则配置 规则配置主要是以规则包为元素，由官方规则包和自定义规则包两部分组成。平台提供一些系列的官方规则包，覆盖规范、安全、推荐等方面。 用户可根据项目语言、规则包类型筛选不同的规则包，并启用/关闭规则包。 [!NOTE|style:flat] 用户可以根据需要选择官方规则包进行扫描，并可以在官方规则包的基础上屏蔽某些规则或者调整默认的优先级，设置指定参数。这些操作都会记录在自定义规则包中。 自定义规则包是提供给用户自由选择工具规则的包。官方规则包上的调整实质上会记录到自定义规则包中，当自定义规则包中的规则和官方规则包的规则发生冲突，则自定义规则包优先级更高。 编译配置 通过编译（代码解析和翻译过程）分析中间代码进行辅助分析，能更精准地发现更多潜在的代码问题。 Copyright © 1998 - 2022 Tencent. All Rights Reserved. 腾讯公司 版权所有 all right reserved，powered by Gitbook代码分析帮助文档 最新修订时间： 2021-12-03 11:34:35 "},"分析方案/代码检查规则配置.html":{"url":"分析方案/代码检查规则配置.html","title":"代码检查规则配置","keywords":"","body":"代码检查-规则配置 在上一节文档代码检查配置中我们大致已经了解规则配置主要由官方规则包和自定义规则包构成，本节将详细描述规则配置。 官方规则包是由腾讯云代码分析平台经过多年深耕，在业务中不断实践整理而出的规则集合包，然而平台有超过10000+的规则，有些规则并未放到官方规则包中，甚至有些规则是由用户自定义的规则。此外，有些官方规则包中的规则，对于不同的团队所需可能存在差异，因此产生了如下几种问题： 在规则配置中，如何添加规则？ 在规则配置中，如果将官方规则包中的规则进行调整？ 在规则配置中，如何添加规则？ 添加规则存在两种入口： [!TIP|style:flat] 无论何种，最终都是将规则添加到自定义规则包中 用户可直接点击页面中的添加规则 用户可点击自定义规则，进入自定义规则包后，再点击添加规则 在添加规则过程中，可以单选或者批量多选规则，可以根据搜索栏进行多维度查询规则 在规则配置中，如果将官方规则包中的规则进行调整？ 用户可以点击进入官方规则包，进入官方规则包中，对已存在的规则进行编辑。 [!WARNING|style:flat] 在官方规则包中对规则的任意操作，实质上是将对应规则增加到自定义规则包中进行了相关操作。 自定义规则包中的规则配置会默认覆盖其他官方包中相同规则的配置。 Copyright © 1998 - 2022 Tencent. All Rights Reserved. 腾讯公司 版权所有 all right reserved，powered by Gitbook代码分析帮助文档 最新修订时间： 2021-12-03 11:34:35 "},"分析方案/代码检查编译配置.html":{"url":"分析方案/代码检查编译配置.html","title":"代码检查编译配置","keywords":"","body":"代码检查-编译配置 腾讯云代码分析平台支持给编译类的工具或编译型项目配置相关命令。 由于对代码进行编译型分析会存在安全风险，需要用户自行进行专机扫描，申购完成后可联系平台管理员进行相关配置。 [!TIP|style:flat] 对于编译型语言，有些分析工具是可以通过分析编译产出的中间文件，更为准确地发现代码质量问题。 [!WARNING|style:flat] 由于对代码进行编译型分析会存在安全风险，需要用户自行进行专机扫描（私有化版由客户自行评估即可）。 编译所需环境说明（重要） 如果配置了编译命令，则需要在具有代码执行所需的编译环境的节点上执行代码分析。即需要用户在专机上提供编译环境（针对私有化版，客户可根据业务情况选择在公共节点机、用户专机、本地节点机提供编译环境即可）。 如以下一些编译环境： JDK 环境及版本 gradle 环境 cmake & make 环境 visual studio 环境 ... [!WARNING|style:flat] 如果机器有多个 JDK 或者 gradle 环境，项目编译需指定 JDK 或 gradle 版本，可以在分析方案的基础属性当中设定相应环境变量。 编译配置字段说明 前置命令： 通常是项目编译前需要执行的命令，或用于清理之前编译过程的命令，如：make clean, xcodebuild clean [-optionName]。如无需要，可以不填。 编译命令： 项目的编译命令，具体可以咨询该代码库所属项目的开发 能够使项目编译成功的编译命令，可以填写多行或用 && 连接命令。 [!TIP|style:flat] 前置命令与编译命令是隔离的，即在前置命令中的操作不会对编译命令产生影响。 如在前置命令中 cd src && export TEST=src，在执行编译命令时并不会跳到src目录和获取TEST环境变量。 编译配置示例 [!TIP|style:flat] 咨询该代码库所属项目的开发，先确保先在本地工程根目录调试通过 JAVA 项目 编译命令： android-studio 项目编译命令示例 gradle compileDebugSources --no-daemon -Dorg.gradle.jvmargs= ant 项目编译命令示例 ant build Object-C 项目 编译命令： xcodebuild 命令（确保先在本地工程根目录调试通过） xcodebuild -target dailybuildipa -configuration DailyBuild -sdk iphonesimulator 环境变量（分析方案-基础属性中配置）： XCODE_VERISON=10.1 C/C++ 项目 编译命令： VS 项目编译命令示例 devenv.com demo.sln /Build \"Debug|Win32\" # 或 msbuild demo.sln /t:Build /p:Configuration=DebugCopy make 项目编译命令示例 make all C# 项目 编译命令： VS 项目编译命令示例 devenv.com demo.sln /Build \"Debug|Win32\" # 或 msbuild demo.sln /t:Build /p:Configuration=Debug Copyright © 1998 - 2022 Tencent. All Rights Reserved. 腾讯公司 版权所有 all right reserved，powered by Gitbook代码分析帮助文档 最新修订时间： 2021-12-03 11:34:35 "},"分析方案/代码度量配置.html":{"url":"分析方案/代码度量配置.html","title":"代码度量配置","keywords":"","body":"代码度量配置 圈复杂度 可以发现执行路径较多的方法，降低代码的圈复杂度，可测性更高 检测阈值 默认为 20，表示当一个方法的圈复杂度超过 20 时则认为该方法为超标方法，需要被关注修改。 可以根据需要调整 重复代码 可以发现重复的代码，避免重复代码可以让代码更简洁，更易维护 长度区间 是一个区间值，默认代码中一个单词（变量/操作符）长度为 1。 重复次数 是一个区间值，当一段代码重复次数达到指定区间才认为是有风险的。 上报限制 限制上报的重复代码块数，可以减少开发的压力，提高修复积极性。 代码统计 从目录和业务纬度统计代码行数，也可以获取提交记录便于代码 Review Copyright © 1998 - 2022 Tencent. All Rights Reserved. 腾讯公司 版权所有 all right reserved，powered by Gitbook代码分析帮助文档 最新修订时间： 2021-11-30 16:30:04 "},"分析方案/过滤配置.html":{"url":"分析方案/过滤配置.html","title":"过滤配置","keywords":"","body":"过滤配置 路径过滤 用于设定代码分析的范围，设定后，已经开启的代码检查、代码度量各项功能都会在指定的代码范围内生效。 目前支持正则表达式和通配符两种类型： 正则表达式 请填写相对路径(基于代码库根目录)，要求匹配到文件 使用正则表达式格式，示例如下： 代码根目录 |-src |- test |- main_test.py |- input_test.py |- main.py |-test |- param_test.py 匹配src/test目录：src/test/.* 匹配根目录下的test目录：test/.* 匹配所有_test.py后缀的文件：.*_test\\\\.py 修改后，下次分析生效，需要启动一次全量分析处理历史存量问题。 Include 表示只分析，如只分析 src/ 目录：src/.* Exclude 表示只屏蔽，如要屏蔽 src/lib/ 目录：src/lib/.* 通配符 请填写相对路径(基于代码库根目录)，要求匹配到文件 使用Unix通配符格式，示例如下 代码根目录 |-src |- test |- main_test.py |- input_test.py |- main.py |-test |- param_test.py 匹配src/test目录：src/test/* 匹配根目录下的test目录：test/* 匹配所有_test.py后缀的文件：*_test.py 修改后，下次分析生效，需要启动一次全量分析处理历史存量问题。 Include 表示只分析，如只分析 src/ 目录：src/* Exclude 表示只屏蔽，如要屏蔽 src/lib/ 目录：src/lib/* 如果几个分析方案希望共享相同的路径过滤方案，可以通过导入导出路径配置的方式进行处理。 [!NOTE|style:flat] 配置更改后，下次启动分析生效 问题过滤 全局 Issue 忽略状态同步 仅对代码检查生效。开启后，在 Issue 页面进行全局忽略操作时，其他利用该方案分析的分支项目在发现相同 Issue 时，会同步忽略该 Issue。否则不受全局 Issue 忽略状态同步影响。 Copyright © 1998 - 2022 Tencent. All Rights Reserved. 腾讯公司 版权所有 all right reserved，powered by Gitbook代码分析帮助文档 最新修订时间： 2021-11-30 16:30:04 "},"分析方案/分析方案模板说明.html":{"url":"分析方案/分析方案模板说明.html","title":"分析方案模板说明","keywords":"","body":"分析方案模版 为便于用户快速创建代码库进行分析，复用同类型的分析配置，平台提供了分析方案模板功能。 分析方案模板分为系统方案模板和个人自定义方案模板。 系统方案模板 全局可用。但是用户无法变更系统方案模板内容。如系统方案模板产生变更，需用户自行拉取最新模板内容。 个人自定义方案模板 自定义方案模板与团队挂钩，用户可自行创建、更新、同步方案模板，以及可进行权限控制。默认自定义方案模板团队内都可见。 分析方案模版用于在创建分析方案时作为模版参考。分析方案模版全局可用，不用和某个代码库关联。 使用说明 创建分支项目时，可选择使用分析方案模板创建。默认会根据该分析方案模板创建出一个新的分析方案，并用该方案配置进行分支项目创建。 创建分析方案时，可选择使用分析方案模板创建。 用模版生成的分析方案和模版建立关联关系，当模版和生成的方案由差异时，可以由用户选择是否同步模版的内容到方案。并可以选择拉群哪些功能模块的配置。 Copyright © 1998 - 2022 Tencent. All Rights Reserved. 腾讯公司 版权所有 all right reserved，powered by Gitbook代码分析帮助文档 最新修订时间： 2021-11-30 16:30:04 "},"API接口/API使用说明.html":{"url":"API接口/API使用说明.html","title":"API 使用说明","keywords":"","body":"接口调用说明 接口地址 http://{host}/server/ 注：host 指当前浏览器访问该文档的 URL 域名部分。 接口鉴权方式 发起请求时，需要在头部中添加以下格式形式，对应的 value 请看下面获取方式 { \"TCA-USERID\": \"{当前user-id，比如xiaoming}\", \"TCA-TIMESTAMP\": \"{当前时间戳，比如1614565593}\", \"TCA-TICKET\": \"{当前user的token}\" } 获取 user_id 和 token 位置： 计算 带 TCA-TICKET 的头部方式(以 Python 代码为例): from time import time from hashlib import sha256 def get_headers(user_id, token): timestamp = int(time()) token_sig = \"%s%s#%s#%s%s\" % (timestamp, user_id, token, user_id, timestamp) ticket = sha256(token_sig.encode(\"utf-8\")).hexdigest().upper() return { \"TCA-USERID\": user_id, \"TCA-TIMESTAMP\": str(timestamp), \"TCA-TICKET\": ticket } 获取 org_sid 和 project_team 信息 通过平台访问具体代码库扫描情况时，可从 URL 中获取对应 org_sid 和 project_team 字段，查看方式如下例子： 代码库扫描地址：http://{host}/t/xxx/p/yyy/code-analysis/repos/1/projects?limit=10&offset=0 其中，org_sid 为xxx字段，project_team 为 yyy字段 Example import requests # 假设： # 当前域名为http://tca.com/，当前org_sid为helloworld # 获取helloworld团队下的hellotca项目下登记的代码库 url=\"http://tca.com/server/main/api/orgs/helloworld/teams/hellotca/repos/?limit=12&offset=0\" headers = { \"TCA-USERID\": user_id, \"TCA-TIMESTAMP\": str(timestamp), \"TCA-TICKET\": ticket } response = requests.get(url, headers=headers) print(response.json()) # 结果如下： { \"data\": { \"count\": 1, \"next\": null, \"previous\": null, \"results\": [ { \"id\": 23, \"name\": \"repo_name\", \"scm_url\": \"http://git.repo.com/group/repo_name\", \"scm_type\": \"git\", \"branch_count\": 1, \"scheme_count\": 1, \"job_count\": 1, \"created_time\": \"2021-05-14 02:34:44.509118+00:00\", \"recent_active\": { \"id\": 27, \"branch_name\": \"master\", \"active_time\": \"2021-05-14 02:34:44.509118+00:00\", \"total_line_num\": 1, \"code_line_num\": 1 }, \"created_from\": \"tca\", \"creator\": { \"username\": \"author\", \"nickname\": \"author\", \"status\": 1, \"avatar\": \"url\", \"org\": \"org_name\" }, \"symbol\": null, \"scm_auth\": { \"id\": 1, \"scm_account\": null, \"scm_oauth\": null, \"scm_ssh\": { \"id\": 1, \"name\": \"test\", \"scm_platform\": 2, \"scm_platform_desc\": null, \"user\": { \"username\": \"username\", \"nickname\": \"nickname\", \"status\": 1, \"avatar\": \"url\", \"org\": \"org_name\" } }, \"auth_type\": \"ssh_token\", \"created_time\": \"2021-05-14T10:34:44.552859+08:00\", \"modified_time\": \"2021-05-14T10:34:44.552887+08:00\" }, \"project_team\": { \"name\": \"test\", \"display_name\": \"测试\", \"status\": 1, \"org_sid\": \"test\" } } ] }, \"code\": 0, \"msg\": \"请求成功\", \"status_code\": 200 } 分页方式 平台返回的数据分页格式是使用limit和offset参数进行分页处理 比如：server/main/api/orgs//teams/?limit=12&offset=12获取得到的数据是从第 13 条开始获取 Copyright © 1998 - 2022 Tencent. All Rights Reserved. 腾讯公司 版权所有 all right reserved，powered by Gitbook代码分析帮助文档 最新修订时间： 2021-11-30 16:30:04 "},"API接口/对象主要字段说明.html":{"url":"API接口/对象主要字段说明.html","title":"对象主要字段说明","keywords":"","body":"对象主要字段说明 注：以下字段用于参考，具体字段格式需要以具体接口返回为准 团队（org）： org_sid: str，团队编号 name: str，团队名称 description: str，团队描述 certificated: boolean，团队认证标志位 created_time: datetime，团队创建时间 updated_time: datetime，团队更新时间 admins: list，管理员列表 project_count: int，分析任务数量 team_count: int，项目组数量 user_count: int，成员数量 owner: str，负责人名称 tel_number: str，负责人电话 address: str，办公地址 项目（team）： name: str，项目组名称 display_name: str，项目组展示名称 description: str，项目组描述信息 代码库（repository）： name: str，代码库名称 scm_url: str，代码库地址 scm_type: int，代码库类型 created_from: str，创建来源 state：str，代码库状态，1表示活跃，2表示失活，3表示暂停使用 labels：list，标签 project_team: 项目 organization: 团队 扫描方案（scanscheme）： name: str，扫描方案名称 repo：关联的代码库 refer_scheme: 参照的扫描方案 description: str，描述 tag: 执行标签 languages: 包含语言 default_flag: boolean，默认方案标志 created_from: str，创建来源 ignore_merged_issue: boolean，过滤其他分支引入的问题，默认False，不过滤 ignore_branch_issue: str，过滤指定分支引入的问题 ignore_submodule_clone: boolean，不拉取子模块，默认False ignore_submodule_issue: boolean，忽略子模块问题，默认False issue_global_ignore: boolean，开启问题全局忽略，默认False daily_save: boolean，日常扫描记录保存7天开关，默认False lfs_flag: boolean，自动拉取lfs文件，默认True status: int，扫描方案状态，1为活跃，2为废弃 Copyright © 1998 - 2022 Tencent. All Rights Reserved. 腾讯公司 版权所有 all right reserved，powered by Gitbook代码分析帮助文档 最新修订时间： 2021-11-30 16:30:04 "},"API接口/项目管理模块接口.html":{"url":"API接口/项目管理模块接口.html","title":"项目管理模块接口","keywords":"","body":"项目管理模块 查看指定代码库的指定分支项目列表 GET /server/main/api/orgs//teams//repos/ 参数列表 参数 类型 描述 scm_url_or_name str 代码库地址或者名称，支持模糊匹配 scm_url str 代码库仓库匹配 scope str 过滤范围（my/subscribed/related_me），my表示我创建的，subscribed表示我关注的，related_me表示我有权限的 返回结果 { \"count\": 1, \"next\": null, \"previous\": null, \"results\": [ { \"id\": 1, \"name\": \"test_repo.git\", \"scm_url\": \"http://git.com/xxx/test_repo\", \"scm_type\": \"git\", \"branch_count\": 1, \"scheme_count\": 1, \"job_count\": 1, \"created_time\": \"2021-03-15 02:26:31.423674+00:00\", \"recent_active\": { \"id\": 1, \"branch_name\": \"master\", \"active_time\": \"2021-03-15T03:14:56.760427Z\", \"total_line_num\": null, \"code_line_num\": null }, \"created_from\": \"codedog_web\", \"creator\": { \"username\": \"username\", \"nickname\": \"nickname\", \"status\": 1, \"avatar\": null, \"org\": 1 }, \"symbol\": null } ] } 查看指定代码库详情 GET /server/main/api/orgs//teams//repos// 返回结果 { \"data\":{ \"id\": 1, \"name\": \"test_repo.git\", \"scm_url\": \"http://git.com/xxx/test_repo\", \"scm_type\": \"git\", \"branch_count\": 1, \"scheme_count\": 1, \"job_count\": 1, \"created_time\": \"2021-03-15 02:26:31.423674+00:00\", \"recent_active\": { \"id\": 1, \"branch_name\": \"master\", \"active_time\": \"2021-03-15T03:14:56.760427Z\", \"total_line_num\": null, \"code_line_num\": null }, \"created_from\": \"codedog_web\", \"creator\": { \"username\": \"username\", \"nickname\": \"nickname\", \"status\": 1, \"avatar\": null, \"org\": 1 }, \"symbol\": null }, \"code\": 0, \"msg\": \"请求成功\", \"status_code\": 200 } 查看指定代码库的不同分支的列表接口 GET /server/main/api/orgs//teams//repos//branches/ 返回结果 { \"data\": { \"count\": 1, \"next\": null, \"previous\": null, \"results\": [ { \"branch\": \"master\", \"schemes\": [ { \"project_id\": 1, \"scan_scheme_id\": 1, \"scan_scheme_name\": \"默认\" } ] } ] }, \"code\": 0, \"msg\": \"请求成功\", \"status_code\": 200 } 查看指定代码库的分支项目列表 GET /server/main/api/orgs//teams//repos//projects/ 参数列表 参数 类型 描述 branch str 分支名称 scan_scheme int 扫描方案名称 scan_scheme__status int 扫描方案状态，1为活跃，2为废弃 branch_or_scheme str 分支名称/扫描方案名称 status int 项目状态筛选，1表示活跃，2表示失活，3表示关闭 返回结果 { \"data\": { \"count\": 1, \"next\": null, \"previous\": null, \"results\": [ { \"id\": 1, \"creator\": { \"username\": \"username\", \"nickname\": \"nickname\", \"status\": 1, \"avatar\": null, \"org\": 1 }, \"created_time\": \"2021-01-28 02:27:26.256015+00:00\", \"modifier\": null, \"modified_time\": \"2021-01-28 02:27:26.256284+00:00\", \"deleter\": null, \"deleted_time\": null, \"scan_scheme\": { \"id\": 1, \"creator\": { \"username\": \"username\", \"nickname\": \"nickname\", \"status\": 1, \"avatar\": null, \"org\": 1 }, \"created_time\": \"2021-01-28 02:27:26.209661+00:00\", \"modifier\": null, \"modified_time\": \"2021-01-28 02:27:26.255023+00:00\", \"deleter\": null, \"deleted_time\": null, \"languages\": [ \"python\" ], \"tag\": \"TCA_Linux\", \"refer_scheme_info\": null, \"name\": \"默认\", \"description\": null, \"default_flag\": true, \"created_from\": \"web\", \"job_runtime_limit\": 600, \"ignore_merged_issue\": false, \"ignore_branch_issue\": null, \"ignore_submodule_clone\": false, \"ignore_submodule_issue\": true, \"issue_global_ignore\": false, \"daily_save\": false, \"lfs_flag\": null, \"webhook_flag\": false, \"issue_revision_merge_flag\": false, \"status\": 1, \"scheme_key\": null, \"repo\": 1 }, \"branch\": \"master\", \"status\": 1, \"created_from\": \"codedog_web\", \"repo\": 1 } ] }, \"code\": 0, \"msg\": \"请求成功\", \"status_code\": 200 } 创建指定代码库的指定分支项目 POST /server/main/api/orgs//teams//repos//projects/ 参数列表 参数 类型 描述 scan_scheme_id int 当前代码库的扫描方案编号 global_scheme_id int 扫描方案模板编号 custom_scheme_name str 自定义方案名称 branch str 分支 created_from str 创建渠道，用于区分不同运行场景 返回结果 { \"data\": { \"id\":1, \"creator\": { \"username\": \"username\", \"nickname\": \"nickname\", \"status\": 1, \"avatar\": null, \"org\": 1 }, \"created_time\": \"2021-01-28 02:27:26.256015+00:00\", \"modifier\": null, \"modified_time\": \"2021-01-28 02:27:26.256284+00:00\", \"deleter\": null, \"deleted_time\": null, \"repo\": { \"id\": 1, \"name\": \"test_demo.git\", \"scm_url\": \"http://github.com/xxxx/test_demo.git\", \"scm_type\": \"git\", \"scm_auth\": { \"id\": 1, \"scm_account\": null, \"scm_oauth\": null, \"scm_ssh\": { \"id\": 1, \"name\": \"1\", \"scm_platform\": 1, \"scm_platform_desc\": null, \"user\": { \"username\": \"username\", \"nickname\": \"nickname\", \"status\": 1, \"avatar\": null, \"org\": 1 } }, \"auth_type\": \"ssh_token\", \"created_time\": \"2021-01-28T10:26:31.453389+08:00\", \"modified_time\": \"2021-01-28T10:26:31.453417+08:00\" }, \"symbol\": null }, \"scan_scheme\": { \"id\": 1, \"creator\": { \"username\": \"username\", \"nickname\": \"nickname\", \"status\": 1, \"avatar\": null, \"org\": 1 }, \"created_time\": \"2021-01-28 02:27:26.209661+00:00\", \"modifier\": null, \"modified_time\": \"2021-01-28 02:27:26.255023+00:00\", \"deleter\": null, \"deleted_time\": null, \"languages\": [ \"python\" ], \"tag\": \"TCA_Linux\", \"refer_scheme_info\": null, \"name\": \"默认\", \"description\": null, \"default_flag\": true, \"created_from\": \"web\", \"job_runtime_limit\": 600, \"ignore_merged_issue\": false, \"ignore_branch_issue\": null, \"ignore_submodule_clone\": false, \"ignore_submodule_issue\": true, \"issue_global_ignore\": false, \"daily_save\": false, \"lfs_flag\": null, \"webhook_flag\": false, \"issue_revision_merge_flag\": false, \"status\": 1, \"scheme_key\": null, \"repo\": 1 }, \"branch\": \"master\", \"status\": 1, \"created_from\": \"tca_web\" }, \"code\": 0, \"msg\": \"请求成功\", \"status_code\": 200 } 查看指定代码库的指定分支项目 GET /server/main/api/orgs//teams//repos/// 返回结果 { \"data\": { \"id\":1, \"creator\": { \"username\": \"username\", \"nickname\": \"nickname\", \"status\": 1, \"avatar\": null, \"org\": 1 }, \"created_time\": \"2021-01-28 02:27:26.256015+00:00\", \"modifier\": null, \"modified_time\": \"2021-01-28 02:27:26.256284+00:00\", \"deleter\": null, \"deleted_time\": null, \"repo\": { \"id\": 1, \"name\": \"test_demo.git\", \"scm_url\": \"http://github.com/xxxx/test_demo.git\", \"scm_type\": \"git\", \"scm_auth\": { \"id\": 1, \"scm_account\": null, \"scm_oauth\": null, \"scm_ssh\": { \"id\": 1, \"name\": \"1\", \"scm_platform\": 1, \"scm_platform_desc\": null, \"user\": { \"username\": \"username\", \"nickname\": \"nickname\", \"status\": 1, \"avatar\": null, \"org\": 1 } }, \"auth_type\": \"ssh_token\", \"created_time\": \"2021-01-28T10:26:31.453389+08:00\", \"modified_time\": \"2021-01-28T10:26:31.453417+08:00\" }, \"symbol\": null }, \"scan_scheme\": { \"id\": 1, \"creator\": { \"username\": \"username\", \"nickname\": \"nickname\", \"status\": 1, \"avatar\": null, \"org\": 1 }, \"created_time\": \"2021-01-28 02:27:26.209661+00:00\", \"modifier\": null, \"modified_time\": \"2021-01-28 02:27:26.255023+00:00\", \"deleter\": null, \"deleted_time\": null, \"languages\": [ \"python\" ], \"tag\": \"TCA_Linux\", \"refer_scheme_info\": null, \"name\": \"默认\", \"description\": null, \"default_flag\": true, \"created_from\": \"web\", \"job_runtime_limit\": 600, \"ignore_merged_issue\": false, \"ignore_branch_issue\": null, \"ignore_submodule_clone\": false, \"ignore_submodule_issue\": true, \"issue_global_ignore\": false, \"daily_save\": false, \"lfs_flag\": null, \"webhook_flag\": false, \"issue_revision_merge_flag\": false, \"status\": 1, \"scheme_key\": null, \"repo\": 1 }, \"branch\": \"master\", \"status\": 1, \"created_from\": \"tca_web\" }, \"code\": 0, \"msg\": \"请求成功\", \"status_code\": 200 } 查看指定代码库的扫描方案列表 GET /server/main/api/orgs//teams//repos//schemes/ 参数列表 参数 类型 描述 name str 扫描方案名称 status int 扫描方案状态，1为活跃，2为废弃 返回结果 { \"data\": { \"count\": 1, \"next\": null, \"previous\": null, \"results\": [ { \"id\": 1, \"creator\": { \"username\": \"username\", \"nickname\": \"nickname\", \"status\": 1, \"avatar\": null, \"org\": 1 }, \"created_time\": \"2021-01-28 02:27:26.209661+00:00\", \"modifier\": null, \"modified_time\": \"2021-01-28 02:27:26.255023+00:00\", \"deleter\": null, \"deleted_time\": null, \"languages\": [ \"python\" ], \"tag\": \"TCA_Linux\", \"refer_scheme\": null, \"name\": \"默认\", \"description\": null, \"default_flag\": true, \"created_from\": \"web\", \"job_runtime_limit\": 600, \"ignore_merged_issue\": false, \"ignore_branch_issue\": null, \"ignore_submodule_clone\": false, \"ignore_submodule_issue\": true, \"issue_global_ignore\": false, \"daily_save\": false, \"lfs_flag\": null, \"issue_revision_merge_flag\": false, \"status\": 1, \"repo\": 1 } ] }, \"code\": 0, \"msg\": \"请求成功\", \"status_code\": 200 } 查看指定代码库的指定扫描方案 GET /server/main/api/orgs//teams//repos//schemes//basicconf/ 返回结果 { \"data\": { \"id\": 1, \"creator\": { \"username\": \"username\", \"nickname\": \"nickname\", \"status\": 1, \"avatar\": null, \"org\": 1 }, \"created_time\": \"2021-01-28 02:27:26.209661+00:00\", \"modifier\": null, \"modified_time\": \"2021-01-28 02:27:26.255023+00:00\", \"deleter\": null, \"deleted_time\": null, \"languages\": [ \"python\" ], \"tag\": \"TCA_Linux\", \"refer_scheme\": null, \"name\": \"默认\", \"description\": null, \"default_flag\": true, \"created_from\": \"web\", \"job_runtime_limit\": 600, \"ignore_merged_issue\": false, \"ignore_branch_issue\": null, \"ignore_submodule_clone\": false, \"ignore_submodule_issue\": true, \"issue_global_ignore\": false, \"daily_save\": false, \"lfs_flag\": null, \"issue_revision_merge_flag\": false, \"status\": 1, \"repo\": 1 }, \"code\": 0, \"msg\": \"请求成功\", \"status_code\": 200 } 更新指定代码库的指定方案 PUT /server/main/api/orgs//teams//repos//schemes//basicconf/ 参数列表 参数 类型 描述 languages list 代码语言 tag str 执行标签，目前只支持 CodeDog_Linux name str 方案名称 description str 方案描述 default_flag bool 默认方案标志，一个代码库只能有一个默认方案 job_runtime_limit int 任务执行超时时间，默认为600分钟 ignore_merged_issue bool 忽略合入的问题 ignore_branch_issue str 过滤参考分支引入的问题 ignore_submodule_clone bool 不拉取子模块扫描，True表示不拉取，False表示拉取 ignore_submodule_issue bool 忽略子模块引入的问题，True表示忽略，False表示不忽略 issue_global_ignore bool 问题全局忽略 daily_save bool 每次扫描原始数据存储，默认存储7天 lfs_flag bool 拉取lfs模块开关 issue_revision_merge_flag bool \"是否开启Issue按引入版本号聚合开关 status int 方案状态，1表示活跃，2表示废弃 返回结果 同查看指定代码库的指定扫描方案的返回结果一致 查看指定代码库的扫描方案的代码扫描配置 GET /server/main/api/orgs//teams//repos//schemes//lintconf/ 返回结果 { \"data\": { \"id\": 1, \"enabled\": true, \"checkprofile\": { \"id\": 1, \"profile_type\": 1, \"custom_checkpackage\": 1, \"checkpackages\": [ 1 ] }, \"scan_scheme\": 1 }, \"code\": 0, \"msg\": \"请求成功\", \"status_code\": 200 } 更新指定代码库的指定方案的代码扫描配置 PUT /server/main/api/orgs//teams//repos//schemes//lintconf/ 参数列表 参数 类型 描述 enabled bool 是否开启代码扫描 返回结果 同指定代码库的指定方案的代码扫描配置的返回结果一致 查看指定代码库的扫描方案的代码度量配置 GET /server/main/api/orgs//teams//repos//schemes//metricconf/ 返回结果 { \"data\": { \"id\": 1, \"cc_scan_enabled\": false, \"min_ccn\": 20, \"dup_scan_enabled\": false, \"dup_block_length_min\": 120, \"dup_block_length_max\": null, \"dup_min_dup_times\": 2, \"dup_max_dup_times\": null, \"dup_min_midd_rate\": 5, \"dup_min_high_rate\": 11, \"dup_min_exhi_rate\": 20, \"dup_issue_limit\": 1000, \"cloc_scan_enabled\": false, \"scan_scheme\": 1 }, \"code\": 0, \"msg\": \"请求成功\", \"status_code\": 200 } 更新指定代码库的指定方案的代码度量配置 PUT /server/main/api/orgs//teams//repos//schemes//metricconf/ 参数列表 参数 类型 描述 cc_scan_enabled bool 圈复杂度扫描开关 min_ccn int 最小圈复杂度 dup_scan_enabled bool 重复代码扫描开关 dup_block_length_min int 重复块最小长度 dup_block_length_max int 重复块最大长度 dup_max_dup_times int 最大重复次数 dup_min_midd_rate int 中风险最小重复率 dup_min_high_rate int 高风险最小重复率 dup_min_exhi_rate int 极高风险风险最小重复率 dup_issue_limit int 上报重复代码块数上限 cloc_scan_enabled boolean 代码统计扫描开关 返回结果 同指定代码库的指定方案的代码度量配置的返回结果一致 查看指定代码库的扫描方案的过滤路径列表 GET /server/main/api/orgs//teams//repos//schemes//scandirs/ 返回结果 { \"data\": { \"count\": 1, \"next\": null, \"previous\": null, \"results\": [ { \"id\": 1, \"dir_path\": \"test/*\", \"path_type\": 1, \"scan_type\": 1, \"scan_scheme\": 1 } ] }, \"code\": 0, \"msg\": \"请求成功\", \"status_code\": 200 } 创建指定代码库的指定方案的过滤路径列表 POST /server/main/api/orgs//teams//repos//schemes//scandirs/ 参数列表 参数 类型 描述 dir_path str 指定过滤路径 path_type int 路径格式，1表示通配符，2表示正则表达式，默认为通配符 scan_type int 扫描类型，1表示包含，2表示排除 返回结果 { \"data\": { \"id\": 13, \"dir_path\": \"test/*.py\", \"path_type\": 1, \"scan_type\": 1, \"scan_scheme\": 36 }, \"code\": 0, \"msg\": \"请求成功\", \"status_code\": 201 } 查看指定代码库的扫描方案的指定过滤路径 GET /server/main/api/orgs//teams//repos//schemes//scandirs// 返回结果 { \"data\": { \"id\": 1, \"dir_path\": \"test/*.py\", \"path_type\": 1, \"scan_type\": 1, \"scan_scheme\": 1 }, \"code\": 0, \"msg\": \"请求成功\", \"status_code\": 200 } 更新指定代码库的指定方案的指定过滤路径 PUT /server/main/api/orgs//teams//repos//schemes//scandirs// 参数列表 参数 类型 描述 dir_path str 指定过滤路径 path_type int 路径格式，1表示通配符，2表示正则表达式，默认为通配符 scan_type int 扫描类型，1表示包含，2表示排除 返回结果 { \"data\": { \"id\": 13, \"dir_path\": \"test/*.py\", \"path_type\": 1, \"scan_type\": 1, \"scan_scheme\": 36 }, \"code\": 0, \"msg\": \"请求成功\", \"status_code\": 201 } 删除指定代码库的指定方案的指定过滤路径 DELETE /server/main/api/orgs//teams//repos//schemes//scandirs// 返回结果 无 Copyright © 1998 - 2022 Tencent. All Rights Reserved. 腾讯公司 版权所有 all right reserved，powered by Gitbook代码分析帮助文档 最新修订时间： 2021-11-30 16:30:04 "},"API接口/任务管理模块接口.html":{"url":"API接口/任务管理模块接口.html","title":"任务管理模块接口","keywords":"","body":"任务管理模块 执行指定代码库指定分支项目扫描任务 POST /server/main/api/orgs//teams//repos//projects//scans/create/ 参数列表 参数 类型 描述 incr_scan bool 增量扫描标志，true表示增量，false表示全量 async_flag bool 异步启动标志，true表示异步，false表示同步，建议选择异步 force_create bool 强制启动标志，true表示强制启动，不等待上一个任务结束 返回结果 { \"job\": { \"id\": 7974 }, \"scan\": { \"id\": 5528 } } 查看指定项目的任务列表 GET /server/main/api/orgs//teams//repos//projects//jobs/ 参数列表 参数 类型 描述 create_time_gte datetime 最小任务启动时间 create_time_lte datetime 最大任务启动时间 result_code_gte int 最小错误码值 result_code_lte int 最大错误码值 result_msg str 结果信息 state int 任务状态, 0为等待中，1为执行中，2为关闭，3为入库中，可多选，格式为1,2,3 created_from str 创建来源 creator str 创建用户 返回结果 { \"data\": { \"count\": 1, \"next\": null, \"previous\": null, \"results\": [ { \"id\": 1, \"state\": 2, \"result_code\": 0, \"result_msg\": \"success\", \"code_line_num\": 1000, \"comment_line_num\": 5, \"blank_line_num\": 305, \"total_line_num\": 1400 } ] }, \"code\": 0, \"msg\": \"请求成功\", \"status_code\": 200 } 查看指定项目的指定任务详情 GET /server/main/api/orgs//teams//repos//projects//jobs//detail/ 返回结果 { \"data\": { \"id\": 1, \"scan_id\": 1, \"create_time\": \"2021-01-28T10:27:26.442961+08:00\", \"waiting_time\": \"1\", \"start_time\": \"2021-01-28T11:14:56.760427+08:00\", \"execute_time\": \"3\", \"project\": { \"id\": 1, \"branch\": \"master\", \"repo_id\": 1, \"scan_scheme\": 1, \"repo_scm_url\": \"http://github.com/xxx/test_demo.git\" }, \"end_time\": \"2021-01-28T11:14:59.760427+08:00\", \"expire_time\": \"2021-01-28T14:07:52.968932+08:00\", \"task_num\": 1, \"task_done\": 1, \"tasks\": [ { \"id\": 1, \"module\": \"codelint\", \"task_name\": \"pylint\", \"progress_rate\": 1, \"state\": 2, \"result_code\": 0, \"result_msg\": \"success\", \"result_path\": null } ], \"co_jobs\": [], \"state\": 2, \"result_code\": 0, \"result_code_msg\": null, \"result_msg\": \"success\", \"result_path\": null, \"remarks\": null, \"remarked_by\": null, \"code_line_num\": 1000, \"comment_line_num\": 5, \"blank_line_num\": 305, \"total_line_num\": 1400, \"created_from\": \"codedog_web\", \"creator\": \"creator\" }, \"code\": 0, \"msg\": \"请求成功\", \"status_code\": 200 } Copyright © 1998 - 2022 Tencent. All Rights Reserved. 腾讯公司 版权所有 all right reserved，powered by Gitbook代码分析帮助文档 最新修订时间： 2021-11-30 16:30:04 "},"API接口/结果概览模块接口.html":{"url":"API接口/结果概览模块接口.html","title":"结果概览模块接口","keywords":"","body":"代码扫描管理 查看项目扫描最新结果概览 GET /server/analysis/api/orgs//teams//repos//projects//overview/ 返回结果 { \"lintscan\": { \"issue_open_num\": 74, \"issue_fix_num\": 439, \"issue_detail_num\": 310, \"scan\": { \"id\": 1, \"scan_time\": \"2021-03-11T20:46:44.171607+08:00\", \"execute_time\": \"00:02:17.844712\" }, \"current_scan\": { \"active_category_detail\": { \"convention\": 70, \"other\": 4 }, \"active_severity_detail\": { \"error\": 69, \"warning\": 5 }, \"issue_open_num\": 74, \"issue_fix_num\": 439 }, \"total\": { \"state_detail\": { \"active\": 197, \"resolved\": 13, \"closed\": 23297 }, \"category_detail\": { \"convention\": { \"active\": 184, \"resolved\": 13, \"closed\": 21143 }, \"other\": { \"active\": 13, \"closed\": 154 }, \"correctness\": { \"closed\": 1997 }, \"performance\": { \"closed\": 3 } }, \"severity_detail\": { \"error\": { \"active\": 157, \"resolved\": 11, \"closed\": 20113 }, \"warning\": { \"active\": 40, \"resolved\": 2, \"closed\": 2930 }, \"info\": { \"closed\": 254 } } }, \"status\": 0, \"text\": \"成功\", \"description\": null, \"scan_summary\": { \"convention\": { \"error\": { \"rule_count\": 7, \"active\": 65 }, \"warning\": { \"rule_count\": 2, \"active\": 5 } }, \"other\": { \"error\": { \"rule_count\": 1, \"active\": 4 } } }, \"total_summary\": { \"correctness\": { \"error\": { \"rule_count\": 16, \"closed\": 1315 }, \"warning\": { \"rule_count\": 10, \"closed\": 629 }, \"info\": { \"rule_count\": 1, \"closed\": 53 } }, \"performance\": { \"warning\": { \"rule_count\": 1, \"closed\": 3 } }, \"convention\": { \"error\": { \"rule_count\": 42, \"active\": 149, \"resolved\": 11, \"closed\": 18778 }, \"warning\": { \"rule_count\": 17, \"active\": 35, \"resolved\": 2, \"closed\": 2298 }, \"info\": { \"rule_count\": 1, \"closed\": 67 } }, \"other\": { \"error\": { \"rule_count\": 2, \"active\": 8, \"closed\": 20 }, \"warning\": { \"rule_count\": 1, \"active\": 5 }, \"info\": { \"rule_count\": 3, \"closed\": 134 } } } }, \"cyclomaticcomplexityscan\": { \"id\": 1, \"scan_revision\": \"scan_revision\", \"scan_time\": \"2021-03-11T20:46:44.171607+08:00\", \"default_summary\": { \"min_ccn\": 20, \"over_cc_func_count\": 6, \"under_cc_func_count\": 796, \"diff_over_cc_func_count\": 0, \"over_cc_func_average\": 22.333333333333332, \"cc_func_average\": 2.5099750623441395, \"over_cc_sum\": 14, \"cc_average_of_lines\": 1.0422094841063054 }, \"custom_summary\": null, \"created_time\": \"2021-03-11T20:48:59.976947+08:00\", \"creator\": null, \"modified_time\": \"2021-03-11T20:49:00.088841+08:00\", \"modifier\": null, \"deleted_time\": null, \"deleter\": null, \"last_revision\": \"last_revision\", \"diff_cc_num\": 0, \"cc_open_num\": 6, \"cc_average_of_lines\": 1.0422094841063054, \"cc_fix_num\": 0, \"worse_cc_file_num\": 0, \"min_ccn\": 20, \"code_line_num\": 13433, \"scan\": 1 }, \"duplicatescan\": { \"id\": 1, \"scan_revision\": \"scan_revision\", \"scan_time\": \"2021-03-11T20:46:44.171607+08:00\", \"default_summary\": { \"exhi_risk\": { \"range\": [ 0.2, 1 ], \"file_count\": 1, \"diff\": { \"diff_file_count\": 0 } }, \"high_risk\": { \"range\": [ 0.11, 0.2 ], \"file_count\": 3, \"diff\": { \"diff_file_count\": 0 } }, \"midd_risk\": { \"range\": [ 0.05, 0.11 ], \"file_count\": 2, \"diff\": { \"diff_file_count\": 0 } }, \"low_risk\": { \"range\": [ 0, 0.05 ], \"file_count\": 2, \"diff\": { \"diff_file_count\": 0 } } }, \"custom_summary\": null, \"last_revision\": \"last_revision\", \"duplicate_file_count\": 8, \"duplicate_block_count\": 55, \"duplicate_line_count\": 1177, \"diff_duplicate_block_count\": 0, \"diff_duplicate_line_count\": 0, \"close_issue_count\": 0, \"new_issue_count\": 0, \"reopen_issue_count\": 5, \"ignored_issue_count\": 0, \"duplicate_rate\": 4.98, \"unique_duplicate_line_count\": 1083, \"total_duplicate_line_count\": 1083, \"total_line_count\": 21745, \"scan\": 1 }, \"clocscan\": { \"id\": 1, \"scan_revision\": \"scan_revision\", \"scan_time\": \"2021-03-11T20:46:44.171607+08:00\", \"last_revision\": \"last_revision\", \"code_line_num\": 140490, \"comment_line_num\": 5410, \"blank_line_num\": 3408, \"total_line_num\": 149308, \"add_code_line_num\": 6673, \"add_comment_line_num\": 2309, \"add_blank_line_num\": 1289, \"add_total_line_num\": 10271, \"mod_code_line_num\": 965, \"mod_comment_line_num\": 297, \"mod_blank_line_num\": 0, \"mod_total_line_num\": 1262, \"del_code_line_num\": 35844, \"del_comment_line_num\": 2117, \"del_blank_line_num\": 1794, \"del_total_line_num\": 39755, \"scan\": 1 } } 查看项目代码最新扫描结果概览 GET /server/analysis/api/orgs//teams//repos//projects//overview/latestscan/ 参数列表 参数 类型 描述 scan_revision str 指定查询的扫描版本号，如不指定则为当前项目最新的一次扫描 返回结果 { \"data\": { \"id\": 1, # 扫描编号 \"repo_id\": 1, # 代码库编号 \"project_id\": 1, # 项目编号 \"job_gid\": 1, # 关联任务编号 \"scan_time\": \"2021-03-11T20:46:44.171607+08:00\", # 扫描时间 \"current_revision\": \"current_revision\", # 扫描版本号 \"result_code\": 0, # 扫描任务结果码，0表示正常 \"result_code_msg\": \"成功\", \"result_msg\": null, \"lintscan\": { # 代码扫描结果信息 \"current_scan\": { # 本次扫描信息 \"active_severity_detail\": { # 不同严重级别的活跃问题数，包含 fatal（1-致命）, error（2-错误）, warning（3-警告）, info（4-提示） \"error\": 69, \"warning\": 5 }, \"issue_open_num\": 10, # 本次扫描新发现问题数 \"issue_fix_num\": 2 # 本次扫描关闭存量问题数 }, \"total\": { # 当前项目整体信息 \"state_detail\": { # 不同处理状态的问题数，包含 active（1-活跃）、resolved（2-已处理）、closed（3-已关闭） \"active\": 197, \"resolved\": 13, \"closed\": 23297 }, \"severity_detail\": { # 不同严重级别下不同处理状态的问题量 \"error\": { \"active\": 157, \"resolved\": 11, \"closed\": 20113 }, \"warning\": { \"active\": 40, \"resolved\": 2, \"closed\": 2930 }, \"info\": { \"closed\": 254 } } } }, \"duplicatescan\": { # 重复代码扫描结果信息 \"id\": 1, # 扫描任务编号 \"scan_revision\": \"scan_revision\", # 扫描版本号 \"scan_time\": \"2021-03-11T20:46:44.171607+08:00\", # 扫描时间 \"default_summary\": { # 默认概览 \"exhi_risk\": { # 极高风险 \"range\": [ # 重复率范围: 0.2-1 0.2, 1 ], \"file_count\": 1, # 文件数量 \"diff\": { # 增量数据 \"diff_file_count\": 0 # 增量文件数量 } }, \"high_risk\": { # 高风险 \"range\": [ # 重复率范围：0.11-0.2 0.11, 0.2 ], \"file_count\": 3, \"diff\": { \"diff_file_count\": 0 } }, \"midd_risk\": { # 中风险 \"range\": [ # 重复率范围：0.05-0.11 0.05, 0.11 ], \"file_count\": 2, \"diff\": { \"diff_file_count\": 0 } }, \"low_risk\": { # 低风险 \"range\": [ # 重复率范围：0-0.05 0, 0.05 ], \"file_count\": 2, \"diff\": { \"diff_file_count\": 0 } } }, \"custom_summary\": null, # 自定义概览数据 \"last_revision\": \"2010ef28ff3a26424d4e8f32df022f90cd682eda\", # 上次扫描版本号 \"duplicate_file_count\": 8, # 重复文件数量 \"duplicate_block_count\": 55, # 重复代码块数量 \"duplicate_line_count\": 1177, # 重复代码行数 \"diff_duplicate_block_count\": 0, # 增量重复代码块数量 \"diff_duplicate_line_count\": 0, # 增量重复代码行数 \"close_issue_count\": 0, # 关闭问题数 \"new_issue_count\": 0, # 新增问题数 \"reopen_issue_count\": 5, # 重新打开问题数 \"ignored_issue_count\": 0, # 忽略问题数 \"duplicate_rate\": 4.98, # 重复率 \"unique_duplicate_line_count\": 1083, # 去重后的重复代码行数 \"total_duplicate_line_count\": 1083, # 项目总的去重后的重复代码行数 \"total_line_count\": 21745, # 项目总行书 \"scan\": 1 # 关联扫描任务编号 }, \"cyclomaticcomplexityscan\": { # 圈复杂度扫描数据 \"id\": 1, # 圈复杂度扫描编号 \"scan_revision\": \"scan_revision\", # 扫描版本号 \"scan_time\": \"2021-03-11T20:46:44.171607+08:00\", \"default_summary\": { # 默认概览数据 \"min_ccn\": 20, # 最小圈复杂度阈值 \"over_cc_func_count\": 6, # 超标函数数量 \"under_cc_func_count\": 796, # 未超标函数数量 \"diff_over_cc_func_count\": 0, # 增量超标函数数据 \"over_cc_func_average\": 22.333333333333332, # 平均超标圈复杂度 \"cc_func_average\": 2.5099750623441395, # 平均圈复杂度 \"over_cc_sum\": 14, # 文件超标方法圈复杂度超过阈值的差值之和 \"cc_average_of_lines\": 1.0422094841063054 # 千行代码平均圈复杂度 }, \"custom_summary\": null, # 自定义概览数据 \"created_time\": \"2021-03-11T20:48:59.976947+08:00\", \"creator\": null, \"modified_time\": \"2021-03-11T20:49:00.088841+08:00\", \"modifier\": null, \"deleted_time\": null, \"deleter\": null, \"last_revision\": \"last_revision\", # 上一次扫描版本号 \"diff_cc_num\": 0, # 增量超标函数数量 \"cc_open_num\": 6, # 超标函数量 \"cc_average_of_lines\": 1.0422094841063054, # 千行代码平均圈复杂度 \"cc_fix_num\": 0, # 修复数量 \"worse_cc_file_num\": 0, # 圈复杂度恶化的文件数据 \"min_ccn\": 20, # 最小圈复杂度阈值 \"code_line_num\": 13433, # 代码行数 \"scan\": 1 }, \"clocscan\": { \"id\": 1, \"scan_revision\": \"scan_revision\", # 扫描版本号 \"scan_time\": \"2021-03-11T20:46:44.171607+08:00\", # 扫描时间 \"last_revision\": \"last_revision\", # 上一次扫描版本号 \"code_line_num\": 140490, # 代码行数 \"comment_line_num\": 5410, # 注释行数 \"blank_line_num\": 3408, # 空白行数 \"total_line_num\": 149308, # 总行数 \"add_code_line_num\": 6673, # 增加的代码行数 \"add_comment_line_num\": 2309, # 增加的注释行数 \"add_blank_line_num\": 1289, # 增加的空白行数 \"add_total_line_num\": 10271, # 增加的总行数 \"mod_code_line_num\": 965, # 修改的代码行数 \"mod_comment_line_num\": 297, # 修改的注释行数 \"mod_blank_line_num\": 0, # 修改的空白行数 \"mod_total_line_num\": 1262, # 修改的总行数 \"del_code_line_num\": 35844, # 删除的代码行数 \"del_comment_line_num\": 2117, # 删除的注释行数 \"del_blank_line_num\": 1794, # 删除的空白行数 \"del_total_line_num\": 39755, # 删除的总行数 \"scan\": 1 } }, \"code\": 0, \"msg\": \"请求成功\", \"status_code\": 200 } 查看项目代码扫描结果概览 GET /server/analysis/api/orgs//teams//repos//projects//overview/lintscans/ 参数列表 参数 类型 描述 scan_time_before str 扫描任务起始时间，格式: 2021-01-01 00:00:00 scan_time_after str 扫描任务结束时间 返回结果 { \"data\": { \"count\": 1, \"next\": null, \"previous\": null, \"results\": [ { \"issue_open_num\": 10, # 本次扫描新发现问题数 \"issue_fix_num\": 2, # 本次扫描关闭存量问题数 \"issue_detail_num\": 310, # 本次扫描上报原始问题数（问题展示会进行聚合） \"scan\": { # 扫描信息 \"id\": 1, # 扫描任务编号 \"scan_time\": \"2021-03-11T20:46:44.171607+08:00\", # 扫描开始时间 \"execute_time\": \"00:02:17.844712\" # 扫描执行耗时 }, \"current_scan\": { # 本次扫描信息 \"active_category_detail\": { # 活跃问题分类，包含 CORRECTNESS（1-功能）、SECURITY（2-安全）、PERFORMANCE（3-性能）、USABILITY（4-可用性）、ACCESSIBILITY（5-无障碍化）、I18N（6-国际化）、CONVENTION（7-代码风格）、OTHER（8-其他） \"convention\": 70, # 代码风格类型问题 \"other\": 4 # 其他类型问题 }, \"active_severity_detail\": { # 不同严重级别的活跃问题数，包含 fatal（1-致命）, error（2-错误）, warning（3-警告）, info（4-提示） \"error\": 69, \"warning\": 5 }, \"issue_open_num\": 10, # 本次扫描新发现问题数 \"issue_fix_num\": 2 # 本次扫描关闭存量问题数 }, \"total\": { # 当前项目整体信息 \"state_detail\": { # 不同处理状态的问题数，包含 active（1-活跃）、resolved（2-已处理）、closed（3-已关闭） \"active\": 197, \"resolved\": 13, \"closed\": 23297 }, \"category_detail\": { # 不同分类下不同处理状态的问题量 \"convention\": { \"active\": 184, \"resolved\": 13, \"closed\": 21143 }, \"other\": { \"active\": 13, \"closed\": 154 }, \"correctness\": { \"closed\": 1997 }, \"performance\": { \"closed\": 3 } }, \"severity_detail\": { # 不同严重级别下不同处理状态的问题量 \"error\": { \"active\": 157, \"resolved\": 11, \"closed\": 20113 }, \"warning\": { \"active\": 40, \"resolved\": 2, \"closed\": 2930 }, \"info\": { \"closed\": 254 } } }, \"status\": 0, # 扫描状态，0表示成功 \"text\": \"成功\", \"description\": null, \"scan_summary\": { # 扫描概览 \"convention\": { \"error\": { \"rule_count\": 7, # 规则数 \"active\": 65 # 活跃问题数 }, \"warning\": { \"rule_count\": 2, \"active\": 5 } }, \"other\": { \"error\": { \"rule_count\": 1, \"active\": 4 } } }, \"total_summary\": { \"correctness\": { \"error\": { \"rule_count\": 16, \"closed\": 1315 }, \"warning\": { \"rule_count\": 10, \"closed\": 629 }, \"info\": { \"rule_count\": 1, \"closed\": 53 } }, \"performance\": { \"warning\": { \"rule_count\": 1, \"closed\": 3 } }, \"convention\": { \"error\": { \"rule_count\": 42, \"active\": 149, \"resolved\": 11, \"closed\": 18778 }, \"warning\": { \"rule_count\": 17, \"active\": 35, \"resolved\": 2, \"closed\": 2298 }, \"info\": { \"rule_count\": 1, \"closed\": 67 } }, \"other\": { \"error\": { \"rule_count\": 2, \"active\": 8, \"closed\": 20 }, \"warning\": { \"rule_count\": 1, \"active\": 5 }, \"info\": { \"rule_count\": 3, \"closed\": 134 } } } } ] }, \"code\": 0, \"msg\": \"请求成功\", \"status_code\": 200 } 查看项目代码度量圈复杂度结果概览 GET /server/analysis/api/orgs//teams//repos//projects//overview/cycscans/ 参数列表 参数 类型 描述 scan_time_before str 扫描任务起始时间，格式: 2021-01-01 00:00:00 scan_time_after str 扫描任务结束时间 返回结果 { \"data\": { \"count\": 1, \"next\": null, \"previous\": null, \"results\": [ { \"id\": 1, \"scan_revision\": \"scan_revision\", \"scan_time\": \"2021-03-11T20:46:44.171607+08:00\", \"default_summary\": { \"min_ccn\": 20, \"over_cc_func_count\": 6, \"under_cc_func_count\": 796, \"diff_over_cc_func_count\": 0, \"over_cc_func_average\": 22.333333333333332, \"cc_func_average\": 2.5099750623441395, \"over_cc_sum\": 14, \"cc_average_of_lines\": 1.0422094841063054 }, \"custom_summary\": null, \"created_time\": \"2021-03-11T20:48:59.976947+08:00\", \"creator\": null, \"modified_time\": \"2021-03-11T20:49:00.088841+08:00\", \"modifier\": null, \"deleted_time\": null, \"deleter\": null, \"last_revision\": \"last_revision\", \"diff_cc_num\": 0, \"cc_open_num\": 6, \"cc_average_of_lines\": 1.0422094841063054, \"cc_fix_num\": 0, \"worse_cc_file_num\": 0, \"min_ccn\": 20, \"code_line_num\": 13433, \"scan\": 1 } ] }, \"code\": 0, \"msg\": \"请求成功\", \"status_code\": 200 } 查看项目代码度量重复代码结果概览 GET /server/analysis/api/orgs//teams//repos//projects//overview/dupscans/ 参数列表 参数 类型 描述 scan_time_before str 扫描任务起始时间，格式: 2021-01-01 00:00:00 scan_time_after str 扫描任务结束时间 返回结果 { \"data\": { \"count\": 1, \"next\": null, \"previous\": null, \"results\": [ { \"id\": 1, \"scan_revision\": \"scan_revision\", \"scan_time\": \"2021-03-11T20:46:44.171607+08:00\", \"default_summary\": { \"exhi_risk\": { \"range\": [ 0.2, 1 ], \"file_count\": 1, \"diff\": { \"diff_file_count\": 0 } }, \"high_risk\": { \"range\": [ 0.11, 0.2 ], \"file_count\": 3, \"diff\": { \"diff_file_count\": 0 } }, \"midd_risk\": { \"range\": [ 0.05, 0.11 ], \"file_count\": 2, \"diff\": { \"diff_file_count\": 0 } }, \"low_risk\": { \"range\": [ 0, 0.05 ], \"file_count\": 2, \"diff\": { \"diff_file_count\": 0 } } }, \"custom_summary\": null, \"last_revision\": \"last_revision\", \"duplicate_file_count\": 8, \"duplicate_block_count\": 55, \"duplicate_line_count\": 1177, \"diff_duplicate_block_count\": 0, \"diff_duplicate_line_count\": 0, \"close_issue_count\": 0, \"new_issue_count\": 0, \"reopen_issue_count\": 5, \"ignored_issue_count\": 0, \"duplicate_rate\": 4.98, \"unique_duplicate_line_count\": 1083, \"total_duplicate_line_count\": 1083, \"total_line_count\": 21745, \"scan\": 1 } ] }, \"code\": 0, \"msg\": \"请求成功\", \"status_code\": 200 } 查看项目代码度量代码统计结果概览 GET /server/analysis/api/orgs//teams//repos//projects//overview/clocscans/ 参数列表 参数 类型 描述 scan_time_before str 扫描任务起始时间，格式: 2021-01-01 00:00:00 scan_time_after str 扫描任务结束时间 返回结果 { \"data\": { \"count\": 1, \"next\": null, \"previous\": null, \"results\": [ { \"id\": 1, \"scan_revision\": \"scan_revision\", \"scan_time\": \"2021-03-11T20:46:44.171607+08:00\", \"last_revision\": \"last_revision\", \"code_line_num\": 140490, \"comment_line_num\": 5410, \"blank_line_num\": 3408, \"total_line_num\": 149308, \"add_code_line_num\": 6673, \"add_comment_line_num\": 2309, \"add_blank_line_num\": 1289, \"add_total_line_num\": 10271, \"mod_code_line_num\": 965, \"mod_comment_line_num\": 297, \"mod_blank_line_num\": 0, \"mod_total_line_num\": 1262, \"del_code_line_num\": 35844, \"del_comment_line_num\": 2117, \"del_blank_line_num\": 1794, \"del_total_line_num\": 39755, \"scan\": 1 } ] }, \"code\": 0, \"msg\": \"请求成功\", \"status_code\": 200 } Copyright © 1998 - 2022 Tencent. All Rights Reserved. 腾讯公司 版权所有 all right reserved，powered by Gitbook代码分析帮助文档 最新修订时间： 2021-11-30 16:30:04 "},"API接口/代码扫描数据模块接口.html":{"url":"API接口/代码扫描数据模块接口.html","title":"代码扫描数据模块接口","keywords":"","body":"代码扫描数据管理 查看扫描问题列表 GET /server/analysis/api/orgs//teams//repos//projects//codelint/issues/ 参数 参数 类型 描述 state str 问题状态, 1为未处理，2为已处理，3为关闭，可多选，格式为1,2,3 severity str 严重程度, 1为致命，2为错误，3为警告，4为提示，可多选，格式为1,2,3,4 resolution str 解决方式, 0为无，1为修复，2为无需修复，3为误报，4为重复单过滤，5为路径过滤，6为规则移除 author str 问题责任人 scan_open int 发现问题的扫描编号 scan_fix int 修复问题的扫描编号 ci_time_gte str 修复问题的起始时间，格式为\"2021-01-01 00:00:00\" ci_time_lte str 修复问题的结束时间 file_path str 文件路径 checkrule_display_name str 检查规则名 checkpackage int 问题所属的规则包 返回结果 { \"data\": { \"count\": 1, \"next\": null, \"previous\": null, \"results\": [ { \"id\": 1, \"file_path\": \"test/demo.py\", \"project\": 1, \"repo\": 1, \"checkrule_real_name\": \"xxx\", \"checkrule_display_name\": \"xxx\", \"checktool_name\": \"xxx\", \"msg\": \"xxx\", \"state\": 3, \"resolution\": 1, \"author\": \"author\", \"author_email\": null, \"severity\": 2, \"revision\": \"revision\", \"ci_time\": \"2021-02-02T13:31:38+08:00\", \"file_owners\": null, \"is_external\": false, \"scm_url\": \"\", \"real_file_path\": \"\", \"scan_open\": 1, \"scan_fix\": 2, \"fixed_time\": \"2021-02-19T15:25:15.152350+08:00\" } ] }, \"code\": 0, \"msg\": \"请求成功\", \"status_code\": 200 } 查看问题详情 GET /server/analysis/api/orgs//teams//repos//projects//codelint/issues// 返回结果 { \"data\": { \"id\": 1, \"issue_details\": [ { \"id\": 1, \"issue_refers\": [], \"creator\": null, \"modifier\": null, \"deleted_time\": null, \"deleter\": null, \"issuedetail_uuid\": \"0fcc376e-7283-11eb-bd53-5254005e71ca\", \"checkrule_real_name\": \"xxx\", \"checktool_name\": \"xxx\", \"author\": \"author\", \"author_email\": null, \"line\": 1809, \"column\": 15, \"scan_revision\": \"scan_revision\", \"revision\": \"revision\", \"ci_time\": \"2021-02-02T13:31:38+08:00\", \"real_revision\": \"\", \"created_time\": \"2021-02-19T15:21:19.625658+08:00\", \"modified_time\": \"2021-02-19T15:21:19.625662+08:00\", \"issue\": null, \"project\": 1 } ], \"is_external\": false, \"repo\": 1, \"author\": \"author\", \"created_time\": \"2021-02-19T15:21:19.625685+08:00\", \"creator\": null, \"modifier\": null, \"deleted_time\": null, \"deleter\": null, \"file_path\": \"test/demo.py\", \"file_hash\": \"xxx\", \"scm_url\": \"\", \"real_file_path\": \"\", \"checkrule_gid\": 1, \"checkrule_real_name\": \"xxx\", \"checkrule_display_name\": \"xxx\", \"checkrule_rule_title\": \"xxx\", \"checktool_name\": \"xxx\", \"category\": 7, \"state\": 3, \"resolution\": 1, \"scan_revision\": null, \"severity\": 2, \"language\": \"python\", \"revision\": \"revision\", \"ci_time\": \"2021-02-02T13:31:38+08:00\", \"file_owners\": null, \"fixed_time\": \"2021-02-19T15:25:15.152350+08:00\", \"tapd_ws_id\": null, \"tapd_bug_id\": null, \"modified_time\": \"2021-02-19T15:25:17.807478+08:00\", \"project\": 1, \"scan_open\": 1, \"scan_fix\": 2 }, \"code\": 0, \"msg\": \"xxx\", \"status_code\": 200 } 查看每次扫描的问题列表 GET /server/analysis/api/orgs//teams//repos//projects//codelint/scans//issues/ 参数 参数 类型 描述 state str 问题状态, 1为未处理，2为已处理，3为关闭，可多选，格式为1,2,3 severity str 严重程度, 1为致命，2为错误，3为警告，4为提示，可多选，格式为1,2,3,4 resolution str 解决方式, 0为无，1为修复，2为无需修复，3为误报，4为重复单过滤，5为路径过滤，6为规则移除 author str 问题责任人 scan_open_id int 发现问题的扫描编号 scan_fix_id int 修复问题的扫描编号 ci_time_gte str 修复问题的起始时间 ci_time_lte str 修复问题的结束时间 file_path str 文件路径 checkrule_display_name str 检查规则名 checkpackage int 问题所属的规则包 返回结果 { \"data\": { \"count\": 1, \"next\": null, \"previous\": null, \"results\": [ { \"id\": 1, \"repo_id\": 1, \"project_id\": 1, \"scan_time\": \"2021-03-11T20:46:44.171607+08:00\", \"file_path\": \"test/demo.py\", \"scm_url\": \"\", \"real_file_path\": \"\", \"line\": 21, \"column\": 68, \"checkrule_gid\": 1, \"checkrule_real_name\": \"xxx\", \"checkrule_display_name\": \"xxx\", \"checkrule_rule_title\": \"xxx\", \"checktool_name\": \"xxx\", \"category\": 7, \"msg\": \"xxx\", \"state\": 1, \"resolution\": null, \"author\": \"author\", \"scan_open_id\": 1, \"scan_fix_id\": null, \"issuedetail_uuid\": \"26d7ba88-8268-11eb-a304-5254005e71ca\", \"scan_revision\": \"scan_revision\", \"real_revision\": \"\", \"severity\": 2, \"language\": \"python\", \"revision\": \"revision\", \"ci_time\": \"2019-07-01T10:28:19+08:00\", \"file_owners\": null, \"created_time\": \"2021-03-11T20:49:00.539537+08:00\", \"fixed_time\": null } ] }, \"code\": 0, \"msg\": \"xxx\", \"status_code\": 200 } 查看指定CR扫描的问题列表 GET /server/analysis/api/orgs//teams//repos//projects//codelint/crscans//issues/ 参数 参数 类型 描述 state str 问题状态, 1为未处理，2为已处理，3为关闭，可多选，格式为1,2,3 severity str 严重程度, 1为致命，2为错误，3为警告，4为提示，可多选，格式为1,2,3,4 resolution str 解决方式, 0为无，1为修复，2为无需修复，3为误报，4为重复单过滤，5为路径过滤，6为规则移除 author str 问题责任人 scan_open_id int 发现问题的扫描编号 scan_fix_id int 修复问题的扫描编号 ci_time_gte str 修复问题的起始时间 ci_time_lte str 修复问题的结束时间 file_path str 文件路径 checkrule_display_name str 检查规则名 checkpackage int 问题所属的规则包 返回结果 { \"data\": { \"count\": 1, \"next\": null, \"previous\": null, \"results\": [ { \"id\": 1, \"repo_id\": 1, \"project_id\": 1, \"scan_time\": \"2021-03-11T20:46:44.171607+08:00\", \"file_path\": \"test/demo.py\", \"scm_url\": \"\", \"real_file_path\": \"\", \"line\": 21, \"column\": 68, \"checkrule_gid\": 1, \"checkrule_real_name\": \"xxx\", \"checkrule_display_name\": \"xxx\", \"checkrule_rule_title\": \"xxx\", \"checktool_name\": \"xxx\", \"category\": 7, \"msg\": \"xxx\", \"state\": 1, \"resolution\": null, \"author\": \"author\", \"scan_open_id\": 1, \"scan_fix_id\": null, \"issuedetail_uuid\": \"26d7ba88-8268-11eb-a304-5254005e71ca\", \"scan_revision\": \"scan_revision\", \"real_revision\": \"\", \"severity\": 2, \"language\": \"python\", \"revision\": \"revision\", \"ci_time\": \"2019-07-01T10:28:19+08:00\", \"file_owners\": null, \"created_time\": \"2021-03-11T20:49:00.539537+08:00\", \"fixed_time\": null } ] }, \"code\": 0, \"msg\": \"xxx\", \"status_code\": 200 } Copyright © 1998 - 2022 Tencent. All Rights Reserved. 腾讯公司 版权所有 all right reserved，powered by Gitbook代码分析帮助文档 最新修订时间： 2021-11-30 16:30:04 "},"API接口/代码度量数据模块接口.html":{"url":"API接口/代码度量数据模块接口.html","title":"代码度量数据模块接口","keywords":"","body":"代码度量数据管理 查看指定项目的圈复杂度文件列表 GET /server/analysis/api/orgs//teams//repos//projects//codemetric/ccfiles/ 参数列表 参数 类型 描述 state str 问题状态, 1为未处理，2为已处理，3为关闭，可多选，格式为1,2,3 change_type str 圈复杂度变化情况，0为无，1为新增，2为删除，3为无变化，可多选，格式为1,2,3 author str 问题责任人 last_modifier str 最近修改人 file_path str 文件路径 scan_open int 发现问题的扫描编号 scan_close int 修复问题的扫描编号 worse boolean 圈复杂度是否恶化 over_cc_sum_gte int 圈复杂度总和最小值 over_cc_sum_lte int 圈复杂度总和最大值 over_cc_avg_gte int 平均圈复杂度最小值 over_cc_avg_lte int 平均圈复杂度总和最大值 over_cc_func_count_gte int 超标圈复杂度函数个数最小值 over_cc_func_count_lte int 超标圈复杂度函数个数最大值 返回参数 { \"data\": { \"count\": 1, \"next\": null, \"previous\": null, \"results\": [ { \"id\": 1, \"repo\": 1, \"created_time\": \"2021-02-19T15:30:20.968525+08:00\", \"creator\": null, \"modified_time\": \"2021-02-19T15:30:20.968532+08:00\", \"modifier\": null, \"deleted_time\": null, \"deleter\": null, \"ccn\": 22, \"g_cc_hash\": null, \"cc_hash\": null, \"file_path\": \"test/demo.py\", \"func_name\": \"test_func\", \"func_param_num\": 4, \"long_name\": \"test_func( project , result_data , scan , task_params )\", \"change_type\": 0, \"status\": 1, \"last_modifier\": \"author\", \"author\": null, \"related_modifiers\": \"author,author2\", \"is_tapdbug\": false, \"ignore_time\": null, \"is_latest\": true, \"language\": \"python\", \"revision\": \"revision\", \"ci_time\": \"2020-03-18T19:46:48+08:00\", \"diff_ccn\": null, \"project\": 1, \"scan_open\": 1, \"scan_close\": null } ] }, \"code\": 0, \"msg\": \"请求成功\", \"status_code\": 200 } 查看指定项目的圈复杂度文件问题列表 GET /server/analysis/api/orgs//teams//repos//projects//codemetric/ccfiles//ccissues/ 参数列表 参数 类型 描述 status str 问题状态，1为需要关注，2为无需关注，可多选，格式为1,2,3 change_type str 圈复杂度变化情况，0为无，1为新增，2为删除，3为无变化，可多选，格式为1,2,3 author str 问题责任人 last_modifier str 最近修改人 file_path str 文件路径 ccn_gte str 圈复杂度最小值 ccn_lte str 圈复杂度最大值 返回结果 { \"data\": { \"count\": 1, \"next\": null, \"previous\": null, \"results\": [ { \"id\": 1, \"repo\": 1, \"created_time\": \"2021-02-19T15:30:20.968525+08:00\", \"creator\": null, \"modified_time\": \"2021-02-19T15:30:20.968532+08:00\", \"modifier\": null, \"deleted_time\": null, \"deleter\": null, \"ccn\": 22, \"g_cc_hash\": null, \"cc_hash\": null, \"file_path\": \"test/demo.py\", \"func_name\": \"test_func\", \"func_param_num\": 4, \"long_name\": \"test_func( project , result_data , scan , task_params )\", \"change_type\": 0, \"status\": 1, \"last_modifier\": \"author\", \"author\": null, \"related_modifiers\": \"author,author2\", \"is_tapdbug\": false, \"ignore_time\": null, \"is_latest\": true, \"language\": \"python\", \"revision\": \"revision\", \"ci_time\": \"2020-03-18T19:46:48+08:00\", \"diff_ccn\": null, \"project\": 1, \"scan_open\": 1, \"scan_close\": null } ] }, \"code\": 0, \"msg\": \"请求成功\", \"status_code\": 200 } 查看指定项目的圈复杂度问题列表 GET /server/analysis/api/orgs//teams//repos//projects//codemetric/ccissues/ 参数列表 参数 类型 描述 status str 问题状态，1为需要关注，2为无需关注，可多选，格式为1,2,3 change_type str 圈复杂度变化情况，0为无，1为新增，2为删除，3为无变化，可多选，格式为1,2,3 author str 问题责任人 last_modifier str 最近修改人 file_path str 文件路径 ccn_gte str 圈复杂度最小值 ccn_lte str 圈复杂度最大值 返回结果 { \"data\": { \"count\": 1, \"next\": null, \"previous\": null, \"results\": [ { \"id\": 1, \"repo\": 1, \"created_time\": \"2021-02-19T15:30:20.968525+08:00\", \"creator\": null, \"modified_time\": \"2021-02-19T15:30:20.968532+08:00\", \"modifier\": null, \"deleted_time\": null, \"deleter\": null, \"ccn\": 22, \"g_cc_hash\": null, \"cc_hash\": null, \"file_path\": \"test/demo.py\", \"func_name\": \"test_func\", \"func_param_num\": 4, \"long_name\": \"test_func( project , result_data , scan , task_params )\", \"change_type\": 0, \"status\": 1, \"last_modifier\": \"author\", \"author\": null, \"related_modifiers\": \"author,author2\", \"is_tapdbug\": false, \"ignore_time\": null, \"is_latest\": true, \"language\": \"python\", \"revision\": \"revision\", \"ci_time\": \"2020-03-18T19:46:48+08:00\", \"diff_ccn\": null, \"project\": 1, \"scan_open\": 1, \"scan_close\": null } ] }, \"code\": 0, \"msg\": \"请求成功\", \"status_code\": 200 } 查看指定项目指定扫描的圈复杂度文件列表 GET /server/analysis/api/orgs//teams//repos//projects//codemetric/scans//ccfiles/ 参数列表 参数 类型 描述 state str 问题状态, 1为未处理，2为已处理，3为关闭，可多选，格式为1,2,3 change_type str 圈复杂度变化情况，0为无，1为新增，2为删除，3为无变化，可多选，格式为1,2,3 author str 问题责任人 last_modifier str 最近修改人 file_path str 文件路径 scan_open_id int 发现问题的扫描编号 scan_close_id int 修复问题的扫描编号 worse boolean 圈复杂度是否恶化 over_cc_sum_gte int 圈复杂度总和最小值 over_cc_sum_lte int 圈复杂度总和最大值 over_cc_avg_gte int 平均圈复杂度最小值 over_cc_avg_lte int 平均圈复杂度总和最大值 over_cc_func_count_gte int 超标圈复杂度函数个数最小值 over_cc_func_count_lte int 超标圈复杂度函数个数最大值 返回结果 { \"data\": { \"count\": 32, \"next\": null, \"previous\": null, \"results\": [ { \"id\": 1, \"repo\": 1, \"tapd_url\": null, \"created_time\": \"2020-06-02T10:59:09.418250+08:00\", \"creator\": null, \"modified_time\": \"2020-06-03T16:17:40.892224+08:00\", \"modifier\": null, \"deleted_time\": null, \"deleter\": null, \"over_func_cc\": 0, \"over_cc_sum\": 0, \"over_cc_avg\": 0, \"over_cc_func_count\": 0, \"diff_over_func_cc\": 0, \"diff_over_cc_sum\": 0, \"diff_over_cc_avg\": 0, \"diff_over_cc_func_count\": 0, \"worse\": false, \"file_path\": \"test/demo.py\", \"state\": 3, \"change_type\": 0, \"last_modifier\": \"author1\", \"author\": null, \"related_modifiers\": \"author1;author2\", \"file_owners\": null, \"language\": \"python\", \"tapd_ws_id\": null, \"tapd_bug_id\": null, \"revision\": null, \"ci_time\": null, \"project\": 1, \"scan_open\": 1, \"scan_close\": 2 } ] }, \"code\": 0, \"msg\": \"请求成功\", \"status_code\": 200 } 查看指定项目指定扫描的圈复杂度文件问题列表 GET /server/analysis/api/orgs//teams//repos//projects//codemetric/scans//ccfiles//ccissues/ 参数列表 参数 类型 描述 status str 问题状态，1为需要关注，2为无需关注，可多选，格式为1,2,3 change_type str 圈复杂度变化情况，0为无，1为新增，2为删除，3为无变化，可多选，格式为1,2,3 author str 问题责任人 last_modifier str 最近修改人 file_path str 文件路径 ccn_gte str 圈复杂度最小值 ccn_lte str 圈复杂度最大值 返回结果 { \"data\": { \"count\": 1, \"next\": null, \"previous\": null, \"results\": [ { \"id\": 1, \"repo\": 1, \"created_time\": \"2021-02-19T15:30:20.968525+08:00\", \"creator\": null, \"modified_time\": \"2021-02-19T15:30:20.968532+08:00\", \"modifier\": null, \"deleted_time\": null, \"deleter\": null, \"ccn\": 22, \"g_cc_hash\": null, \"cc_hash\": null, \"file_path\": \"test/demo.py\", \"func_name\": \"test_func\", \"func_param_num\": 4, \"long_name\": \"test_func( project , result_data , scan , task_params )\", \"change_type\": 0, \"status\": 1, \"last_modifier\": \"author\", \"author\": null, \"related_modifiers\": \"author,author2\", \"is_tapdbug\": false, \"ignore_time\": null, \"is_latest\": true, \"language\": \"python\", \"revision\": \"revision\", \"ci_time\": \"2020-03-18T19:46:48+08:00\", \"diff_ccn\": null, \"project\": 1, \"scan_open\": 1, \"scan_close\": null } ] }, \"code\": 0, \"msg\": \"请求成功\", \"status_code\": 200 } 查看指定项目指定扫描的圈复杂度问题列表 GET /server/analysis/api/orgs//teams//repos//projects//codemetric/scans//ccissues/ 参数列表 参数 类型 描述 status str 问题状态，1为需要关注，2为无需关注，可多选，格式为1,2,3 change_type str 圈复杂度变化情况，0为无，1为新增，2为删除，3为无变化，可多选，格式为1,2,3 author str 问题责任人 last_modifier str 最近修改人 file_path str 文件路径 ccn_gte str 圈复杂度最小值 ccn_lte str 圈复杂度最大值 返回结果 { \"data\": { \"count\": 1, \"next\": null, \"previous\": null, \"results\": [ { \"id\": 1, \"repo\": 1, \"created_time\": \"2021-02-19T15:30:20.968525+08:00\", \"creator\": null, \"modified_time\": \"2021-02-19T15:30:20.968532+08:00\", \"modifier\": null, \"deleted_time\": null, \"deleter\": null, \"ccn\": 22, \"g_cc_hash\": null, \"cc_hash\": null, \"file_path\": \"test/demo.py\", \"func_name\": \"test_func\", \"func_param_num\": 4, \"long_name\": \"test_func( project , result_data , scan , task_params )\", \"change_type\": 0, \"status\": 1, \"last_modifier\": \"author\", \"author\": null, \"related_modifiers\": \"author,author2\", \"is_tapdbug\": false, \"ignore_time\": null, \"is_latest\": true, \"language\": \"python\", \"revision\": \"revision\", \"ci_time\": \"2020-03-18T19:46:48+08:00\", \"diff_ccn\": null, \"project\": 1, \"scan_open\": 1, \"scan_close\": null } ] }, \"code\": 0, \"msg\": \"请求成功\", \"status_code\": 200 } 查看指定项目的重复文件列表 GET /server/analysis/api/orgs//teams//repos//projects//codemetric/dupfiles/ 参数列表 参数 类型 描述 issue__state str 问题状态, 1为未处理，2为可忽略，3为关闭，可多选，格式为1,2,3 change_type str 重复文件更改类型，add为新增，del为删除，mod为删除，可多选，格式为add,del,mod issue__owner str 问题责任人 last_modifier str 最近修改人 file_path str 文件路径 duplicate_rate_gte int 重复率最小值 duplicate_rate_lte int 重复率最大值 返回结果 { \"data\": { \"count\": 1, \"next\": null, \"previous\": null, \"results\": [ { \"id\": 1, \"repo\": 1, \"issue\": { \"id\": 1, \"state\": 1, \"owner\": \"author\" }, \"project_id\": 1, \"scan_id\": 1, \"issue_id\": 1, \"issue_state\": 1, \"issue_owner\": \"author\", \"dir_path\": \"test\", \"file_name\": \"demo.py\", \"file_path\": \"test/demo.py\", \"duplicate_rate\": 4.63, \"total_line_count\": 259, \"total_duplicate_line_count\": 12, \"distinct_hash_num\": 1, \"block_num\": 1, \"last_modifier\": \"author\", \"change_type\": null, \"scm_revision\": \"12345678abc\", \"is_latest\": true } ] }, \"code\": 0, \"msg\": \"请求成功\", \"status_code\": 200 } 查看指定项目的指定重复文件 GET /server/analysis/api/orgs//teams//repos//projects//codemetric/dupfiles// 返回结果 { \"data\": { \"id\": 1, \"repo\": 1, \"issue\": { \"id\": 1, \"state\": 1, \"owner\": \"author\" }, \"blocks\": [ { \"id\": 1, \"duplicate_file\": 1, \"project_id\": 1, \"scan_id\": 1, \"duplicate_file_id\": 1, \"token_num\": 120, \"duplicate_times\": 2, \"duplicate_rate\": 4.63, \"start_line_num\": 216, \"end_line_num\": 227, \"duplicate_line_count\": 12, \"last_modifier\": \"author\", \"change_type\": null, \"related_modifiers\": \"author\" } ], \"duplicate_rate_trend\": 0.0, \"project_id\": 1815, \"scan_id\": 488, \"issue_id\": 3, \"issue_state\": 1, \"issue_owner\": \"author\", \"dir_path\": \"test\", \"file_name\": \"demo.py\", \"file_path\": \"test/demo.py\", \"duplicate_rate\": 4.63, \"total_line_count\": 259, \"total_duplicate_line_count\": 12, \"distinct_hash_num\": 1, \"block_num\": 1, \"last_modifier\": \"author\", \"change_type\": null, \"scm_revision\": \"xxx\", \"is_latest\": true }, \"code\": 0, \"msg\": \"请求成功\", \"status_code\": 200 } 查看指定项目的指定文件的重复块列表 GET /server/analysis/api/orgs//teams//repos//projects//codemetric/dupfiles//blocks/ 返回结果 { \"data\": { \"count\": 1, \"next\": null, \"previous\": null, \"results\": [ { \"id\": 1, \"duplicate_file\": 1, \"project_id\": 1, \"scan_id\": 1, \"duplicate_file_id\": 1, \"token_num\": 120, \"duplicate_times\": 2, \"duplicate_rate\": 4.63, \"start_line_num\": 216, \"end_line_num\": 227, \"duplicate_line_count\": 12, \"last_modifier\": \"author\", \"change_type\": null, \"related_modifiers\": \"author\" } ] }, \"code\": 0, \"msg\": \"请求成功\", \"status_code\": 200 } 查看指定项目的文件行数列表 GET /server/analysis/api/orgs//teams//repos//projects//codemetric/clocfiles/ 参数列表 参数 类型 描述 change_type str 改变类型（add、mod、del），支持多值，使用英文逗号','分隔 file_path str 文件路径 返回结果 { \"data\": { \"count\": 1, \"next\": \"\", \"previous\": null, \"results\": [ { \"id\": 1, \"code_line_num\": 108587, \"comment_line_num\": 0, \"blank_line_num\": 0, \"total_line_num\": 108587, \"add_code_line_num\": 108587, \"add_comment_line_num\": 0, \"add_blank_line_num\": 0, \"add_total_line_num\": 108587, \"mod_code_line_num\": 0, \"mod_comment_line_num\": 0, \"mod_blank_line_num\": 0, \"mod_total_line_num\": 0, \"del_code_line_num\": 0, \"del_comment_line_num\": 0, \"del_blank_line_num\": 0, \"del_total_line_num\": 0, \"project_id\": 1, \"scan_id\": 1, \"is_latest\": true, \"dir_path\": \"test\", \"file_name\": \"test.json\", \"language\": \"JSON\", \"change_type\": \"add\" } ] }, \"code\": 0, \"msg\": \"请求成功\", \"status_code\": 200 } 查看指定项目的语言列表 GET server/analysis/api/orgs//teams//repos//projects//codemetric/cloclangs/ 返回结果 { \"data\": { \"count\": 2, \"next\": null, \"previous\": null, \"results\": [ { \"id\": 1, \"code_line_num\": 9753, \"comment_line_num\": 4220, \"blank_line_num\": 2454, \"total_line_num\": 16427, \"add_code_line_num\": 9753, \"add_comment_line_num\": 4220, \"add_blank_line_num\": 2454, \"add_total_line_num\": 16427, \"mod_code_line_num\": 0, \"mod_comment_line_num\": 0, \"mod_blank_line_num\": 0, \"mod_total_line_num\": 0, \"del_code_line_num\": 0, \"del_comment_line_num\": 0, \"del_blank_line_num\": 0, \"del_total_line_num\": 0, \"project_id\": 1815, \"scan_id\": 695, \"is_latest\": true, \"name\": \"Python\", \"file_num\": 165 }, { \"id\": 2, \"code_line_num\": 379, \"comment_line_num\": 0, \"blank_line_num\": 153, \"total_line_num\": 532, \"add_code_line_num\": 379, \"add_comment_line_num\": 0, \"add_blank_line_num\": 153, \"add_total_line_num\": 532, \"mod_code_line_num\": 0, \"mod_comment_line_num\": 0, \"mod_blank_line_num\": 0, \"mod_total_line_num\": 0, \"del_code_line_num\": 0, \"del_comment_line_num\": 0, \"del_blank_line_num\": 0, \"del_total_line_num\": 0, \"project_id\": 1815, \"scan_id\": 695, \"is_latest\": true, \"name\": \"Markdown\", \"file_num\": 7 } ] }, \"code\": 0, \"msg\": \"请求成功\", \"status_code\": 200 } Copyright © 1998 - 2022 Tencent. All Rights Reserved. 腾讯公司 版权所有 all right reserved，powered by Gitbook代码分析帮助文档 最新修订时间： 2021-11-30 16:30:04 "}}